Goal,Target,Indicator,SeriesCode,SeriesDescription,GeoAreaCode,GeoAreaName,TimePeriod,Value,Time_Detail,TimeCoverage,UpperBound,LowerBound,BasePeriod,Source,GeoInfoUrl,FootNote,[Nature],[Reporting Type],[Units]
"5","5.6","5.6.2","SH_LGR_ACSRHEC1","(S.1.C.1) Extent to which countries have laws and regulations that guarantee full and equal access to women and men aged 15 years and older to sexual and reproductive health care, information and education: Component 1: Maternity Care (%)","4","Afghanistan","2019","100","2019","","","","","United Nations Population Fund, global databases, 2022. Based on official responses to the United Nations 12th Inquiry among Governments on Population and Development. ","","","C","G","PERCENT"
"5","5.6","5.6.2","SH_LGR_ACSRHEC1","(S.1.C.1) Extent to which countries have laws and regulations that guarantee full and equal access to women and men aged 15 years and older to sexual and reproductive health care, information and education: Component 1: Maternity Care (%)","28","Antigua and Barbuda","2019","NaN","2019","","","","","United Nations Population Fund, global databases, 2022. Based on official responses to the United Nations 12th Inquiry among Governments on Population and Development. ","","Data not provided or data not available.","C","G","PERCENT"
"5","5.6","5.6.2","SH_LGR_ACSRHEC1","(S.1.C.1) Extent to which countries have laws and regulations that guarantee full and equal access to women and men aged 15 years and older to sexual and reproductive health care, information and education: Component 1: Maternity Care (%)","50","Bangladesh","2019","0","2019","","","","","United Nations Population Fund, global databases, 2022. Based on official responses to the United Nations 12th Inquiry among Governments on Population and Development. ","","","C","G","PERCENT"
"5","5.6","5.6.2","SH_LGR_ACSRHEC1","(S.1.C.1) Extent to which countries have laws and regulations that guarantee full and equal access to women and men aged 15 years and older to sexual and reproductive health care, information and education: Component 1: Maternity Care (%)","51","Armenia","2019","75","2019","","","","","United Nations Population Fund, global databases, 2022. Based on official responses to the United Nations 12th Inquiry among Governments on Population and Development. ","","","C","G","PERCENT"
"5","5.6","5.6.2","SH_LGR_ACSRHEC1","(S.1.C.1) Extent to which countries have laws and regulations that guarantee full and equal access to women and men aged 15 years and older to sexual and reproductive health care, information and education: Component 1: Maternity Care (%)","52","Barbados","2019","100","2019","","","","","United Nations Population Fund, global databases, 2022. Based on official responses to the United Nations 12th Inquiry among Governments on Population and Development. ","","","C","G","PERCENT"
"5","5.6","5.6.2","SH_LGR_ACSRHEC1","(S.1.C.1) Extent to which countries have laws and regulations that guarantee full and equal access to women and men aged 15 years and older to sexual and reproductive health care, information and education: Component 1: Maternity Care (%)","56","Belgium","2019","NaN","2019","","","","","United Nations Population Fund, global databases, 2022. Based on official responses to the United Nations 12th Inquiry among Governments on Population and Development. ","","Data not provided or data not available.","C","G","PERCENT"
"5","5.6","5.6.2","SH_LGR_ACSRHEC1","(S.1.C.1) Extent to which countries have laws and regulations that guarantee full and equal access to women and men aged 15 years and older to sexual and reproductive health care, information and education: Component 1: Maternity Care (%)","84","Belize","2019","0","2019","","","","","United Nations Population Fund, global databases, 2022. Based on official responses to the United Nations 12th Inquiry among Governments on Population and Development. ","","","C","G","PERCENT"
"5","5.6","5.6.2","SH_LGR_ACSRHEC1","(S.1.C.1) Extent to which countries have laws and regulations that guarantee full and equal access to women and men aged 15 years and older to sexual and reproductive health care, information and education: Component 1: Maternity Care (%)","108","Burundi","2019","75","2019","","","","","United Nations Population Fund, global databases, 2022. Based on official responses to the United Nations 12th Inquiry among Governments on Population and Development. ","","","C","G","PERCENT"
"5","5.6","5.6.2","SH_LGR_ACSRHEC1","(S.1.C.1) Extent to which countries have laws and regulations that guarantee full and equal access to women and men aged 15 years and older to sexual and reproductive health care, information and education: Component 1: Maternity Care (%)","116","Cambodia","2019","100","2019","","","","","United Nations Population Fund, global databases, 2022. Based on official responses to the United Nations 12th Inquiry among Governments on Population and Development. ","","","C","G","PERCENT"
"5","5.6","5.6.2","SH_LGR_ACSRHEC1","(S.1.C.1) Extent to which countries have laws and regulations that guarantee full and equal access to women and men aged 15 years and older to sexual and reproductive health care, information and education: Component 1: Maternity Care (%)","120","Cameroon","2019","100","2019","","","","","United Nations Population Fund, global databases, 2022. Based on official responses to the United Nations 12th Inquiry among Governments on Population and Development. ","","","C","G","PERCENT"
"5","5.6","5.6.2","SH_LGR_ACSRHEC1","(S.1.C.1) Extent to which countries have laws and regulations that guarantee full and equal access to women and men aged 15 years and older to sexual and reproductive health care, information and education: Component 1: Maternity Care (%)","140","Central African Republic","2019","100","2019","","","","","United Nations Population Fund, global databases, 2022. Based on official responses to the United Nations 12th Inquiry among Governments on Population and Development. ","","","C","G","PERCENT"
"5","5.6","5.6.2","SH_LGR_ACSRHEC1","(S.1.C.1) Extent to which countries have laws and regulations that guarantee full and equal access to women and men aged 15 years and older to sexual and reproductive health care, information and education: Component 1: Maternity Care (%)","178","Congo","2019","100","2019","","","","","United Nations Population Fund, global databases, 2022. Based on official responses to the United Nations 12th Inquiry among Governments on Population and Development. ","","","C","G","PERCENT"
"5","5.6","5.6.2","SH_LGR_ACSRHEC1","(S.1.C.1) Extent to which countries have laws and regulations that guarantee full and equal access to women and men aged 15 years and older to sexual and reproductive health care, information and education: Component 1: Maternity Care (%)","180","Democratic Republic of the Congo","2019","100","2019","","","","","United Nations Population Fund, global databases, 2022. Based on official responses to the United Nations 12th Inquiry among Governments on Population and Development. ","","","C","G","PERCENT"
"5","5.6","5.6.2","SH_LGR_ACSRHEC1","(S.1.C.1) Extent to which countries have laws and regulations that guarantee full and equal access to women and men aged 15 years and older to sexual and reproductive health care, information and education: Component 1: Maternity Care (%)","204","Benin","2019","100","2019","","","","","United Nations Population Fund, global databases, 2022. Based on official responses to the United Nations 12th Inquiry among Governments on Population and Development. ","","","C","G","PERCENT"
"5","5.6","5.6.2","SH_LGR_ACSRHEC1","(S.1.C.1) Extent to which countries have laws and regulations that guarantee full and equal access to women and men aged 15 years and older to sexual and reproductive health care, information and education: Component 1: Maternity Care (%)","226","Equatorial Guinea","2019","NaN","2019","","","","","United Nations Population Fund, global databases, 2022. Based on official responses to the United Nations 12th Inquiry among Governments on Population and Development. ","","Data not provided or data not available.","C","G","PERCENT"
"5","5.6","5.6.2","SH_LGR_ACSRHEC1","(S.1.C.1) Extent to which countries have laws and regulations that guarantee full and equal access to women and men aged 15 years and older to sexual and reproductive health care, information and education: Component 1: Maternity Care (%)","266","Gabon","2019","100","2019","","","","","United Nations Population Fund, global databases, 2022. Based on official responses to the United Nations 12th Inquiry among Governments on Population and Development. ","","","C","G","PERCENT"
"5","5.6","5.6.2","SH_LGR_ACSRHEC1","(S.1.C.1) Extent to which countries have laws and regulations that guarantee full and equal access to women and men aged 15 years and older to sexual and reproductive health care, information and education: Component 1: Maternity Care (%)","320","Guatemala","2019","100","2019","","","","","United Nations Population Fund, global databases, 2022. Based on official responses to the United Nations 12th Inquiry among Governments on Population and Development. ","","","C","G","PERCENT"
"5","5.6","5.6.2","SH_LGR_ACSRHEC1","(S.1.C.1) Extent to which countries have laws and regulations that guarantee full and equal access to women and men aged 15 years and older to sexual and reproductive health care, information and education: Component 1: Maternity Care (%)","384","CÃ´te d'Ivoire","2019","100","2019","","","","","United Nations Population Fund, global databases, 2022. Based on official responses to the United Nations 12th Inquiry among Governments on Population and Development. ","","","C","G","PERCENT"
"5","5.6","5.6.2","SH_LGR_ACSRHEC1","(S.1.C.1) Extent to which countries have laws and regulations that guarantee full and equal access to women and men aged 15 years and older to sexual and reproductive health care, information and education: Component 1: Maternity Care (%)","408","Democratic People's Republic of Korea","2019","75","2019","","","","","United Nations Population Fund, global databases, 2022. Based on official responses to the United Nations 12th Inquiry among Governments on Population and Development. ","","","C","G","PERCENT"
"5","5.6","5.6.2","SH_LGR_ACSRHEC1","(S.1.C.1) Extent to which countries have laws and regulations that guarantee full and equal access to women and men aged 15 years and older to sexual and reproductive health care, information and education: Component 1: Maternity Care (%)","417","Kyrgyzstan","2019","100","2019","","","","","United Nations Population Fund, global databases, 2022. Based on official responses to the United Nations 12th Inquiry among Governments on Population and Development. ","","","C","G","PERCENT"
"5","5.6","5.6.2","SH_LGR_ACSRHEC1","(S.1.C.1) Extent to which countries have laws and regulations that guarantee full and equal access to women and men aged 15 years and older to sexual and reproductive health care, information and education: Component 1: Maternity Care (%)","418","Lao People's Democratic Republic","2019","100","2019","","","","","United Nations Population Fund, global databases, 2022. Based on official responses to the United Nations 12th Inquiry among Governments on Population and Development. ","","","C","G","PERCENT"
"5","5.6","5.6.2","SH_LGR_ACSRHEC1","(S.1.C.1) Extent to which countries have laws and regulations that guarantee full and equal access to women and men aged 15 years and older to sexual and reproductive health care, information and education: Component 1: Maternity Care (%)","428","Latvia","2019","100","2019","","","","","United Nations Population Fund, global databases, 2022. Based on official responses to the United Nations 12th Inquiry among Governments on Population and Development. ","","","C","G","PERCENT"
"5","5.6","5.6.2","SH_LGR_ACSRHEC1","(S.1.C.1) Extent to which countries have laws and regulations that guarantee full and equal access to women and men aged 15 years and older to sexual and reproductive health care, information and education: Component 1: Maternity Care (%)","430","Liberia","2019","100","2019","","","","","United Nations Population Fund, global databases, 2022. Based on official responses to the United Nations 12th Inquiry among Governments on Population and Development. ","","","C","G","PERCENT"
"5","5.6","5.6.2","SH_LGR_ACSRHEC1","(S.1.C.1) Extent to which countries have laws and regulations that guarantee full and equal access to women and men aged 15 years and older to sexual and reproductive health care, information and education: Component 1: Maternity Care (%)","434","Libya","2019","75","2019","","","","","United Nations Population Fund, global databases, 2022. Based on official responses to the United Nations 12th Inquiry among Governments on Population and Development. ","","","C","G","PERCENT"
"5","5.6","5.6.2","SH_LGR_ACSRHEC1","(S.1.C.1) Extent to which countries have laws and regulations that guarantee full and equal access to women and men aged 15 years and older to sexual and reproductive health care, information and education: Component 1: Maternity Care (%)","458","Malaysia","2019","75","2019","","","","","United Nations Population Fund, global databases, 2022. Based on official responses to the United Nations 12th Inquiry among Governments on Population and Development. ","","","C","G","PERCENT"
"5","5.6","5.6.2","SH_LGR_ACSRHEC1","(S.1.C.1) Extent to which countries have laws and regulations that guarantee full and equal access to women and men aged 15 years and older to sexual and reproductive health care, information and education: Component 1: Maternity Care (%)","470","Malta","2019","100","2019","","","","","United Nations Population Fund, global databases, 2022. Based on official responses to the United Nations 12th Inquiry among Governments on Population and Development. ","","","C","G","PERCENT"
"5","5.6","5.6.2","SH_LGR_ACSRHEC1","(S.1.C.1) Extent to which countries have laws and regulations that guarantee full and equal access to women and men aged 15 years and older to sexual and reproductive health care, information and education: Component 1: Maternity Care (%)","478","Mauritania","2019","50","2019","","","","","United Nations Population Fund, global databases, 2022. Based on official responses to the United Nations 12th Inquiry among Governments on Population and Development. ","","","C","G","PERCENT"
"5","5.6","5.6.2","SH_LGR_ACSRHEC1","(S.1.C.1) Extent to which countries have laws and regulations that guarantee full and equal access to women and men aged 15 years and older to sexual and reproductive health care, information and education: Component 1: Maternity Care (%)","498","Republic of Moldova","2019","75","2019","","","","","United Nations Population Fund, global databases, 2022. Based on official responses to the United Nations 12th Inquiry among Governments on Population and Development. ","","","C","G","PERCENT"
"5","5.6","5.6.2","SH_LGR_ACSRHEC1","(S.1.C.1) Extent to which countries have laws and regulations that guarantee full and equal access to women and men aged 15 years and older to sexual and reproductive health care, information and education: Component 1: Maternity Care (%)","499","Montenegro","2019","75","2019","","","","","United Nations Population Fund, global databases, 2022. Based on official responses to the United Nations 12th Inquiry among Governments on Population and Development. ","","","C","G","PERCENT"
"5","5.6","5.6.2","SH_LGR_ACSRHEC1","(S.1.C.1) Extent to which countries have laws and regulations that guarantee full and equal access to women and men aged 15 years and older to sexual and reproductive health care, information and education: Component 1: Maternity Care (%)","524","Nepal","2019","100","2019","","","","","United Nations Population Fund, global databases, 2022. Based on official responses to the United Nations 12th Inquiry among Governments on Population and Development. ","","","C","G","PERCENT"
"5","5.6","5.6.2","SH_LGR_ACSRHEC1","(S.1.C.1) Extent to which countries have laws and regulations that guarantee full and equal access to women and men aged 15 years and older to sexual and reproductive health care, information and education: Component 1: Maternity Care (%)","554","New Zealand","2019","100","2019","","","","","United Nations Population Fund, global databases, 2022. Based on official responses to the United Nations 12th Inquiry among Governments on Population and Development. ","","","C","G","PERCENT"
"5","5.6","5.6.2","SH_LGR_ACSRHEC1","(S.1.C.1) Extent to which countries have laws and regulations that guarantee full and equal access to women and men aged 15 years and older to sexual and reproductive health care, information and education: Component 1: Maternity Care (%)","562","Niger","2019","100","2019","","","","","United Nations Population Fund, global databases, 2022. Based on official responses to the United Nations 12th Inquiry among Governments on Population and Development. ","","","C","G","PERCENT"
"5","5.6","5.6.2","SH_LGR_ACSRHEC1","(S.1.C.1) Extent to which countries have laws and regulations that guarantee full and equal access to women and men aged 15 years and older to sexual and reproductive health care, information and education: Component 1: Maternity Care (%)","566","Nigeria","2019","NaN","2019","","","","","United Nations Population Fund, global databases, 2022. Based on official responses to the United Nations 12th Inquiry among Governments on Population and Development. ","","Data not provided or data not available.","C","G","PERCENT"
"5","5.6","5.6.2","SH_LGR_ACSRHEC1","(S.1.C.1) Extent to which countries have laws and regulations that guarantee full and equal access to women and men aged 15 years and older to sexual and reproductive health care, information and education: Component 1: Maternity Care (%)","586","Pakistan","2019","100","2019","","","","","United Nations Population Fund, global databases, 2022. Based on official responses to the United Nations 12th Inquiry among Governments on Population and Development. ","","","C","G","PERCENT"
"5","5.6","5.6.2","SH_LGR_ACSRHEC1","(S.1.C.1) Extent to which countries have laws and regulations that guarantee full and equal access to women and men aged 15 years and older to sexual and reproductive health care, information and education: Component 1: Maternity Care (%)","670","Saint Vincent and the Grenadines","2019","100","2019","","","","","United Nations Population Fund, global databases, 2022. Based on official responses to the United Nations 12th Inquiry among Governments on Population and Development. ","","","C","G","PERCENT"
"5","5.6","5.6.2","SH_LGR_ACSRHEC1","(S.1.C.1) Extent to which countries have laws and regulations that guarantee full and equal access to women and men aged 15 years and older to sexual and reproductive health care, information and education: Component 1: Maternity Care (%)","694","Sierra Leone","2019","100","2019","","","","","United Nations Population Fund, global databases, 2022. Based on official responses to the United Nations 12th Inquiry among Governments on Population and Development. ","","","C","G","PERCENT"
"5","5.6","5.6.2","SH_LGR_ACSRHEC1","(S.1.C.1) Extent to which countries have laws and regulations that guarantee full and equal access to women and men aged 15 years and older to sexual and reproductive health care, information and education: Component 1: Maternity Care (%)","704","Viet Nam","2019","50","2019","","","","","United Nations Population Fund, global databases, 2022. Based on official responses to the United Nations 12th Inquiry among Governments on Population and Development. ","","","C","G","PERCENT"
"5","5.6","5.6.2","SH_LGR_ACSRHEC1","(S.1.C.1) Extent to which countries have laws and regulations that guarantee full and equal access to women and men aged 15 years and older to sexual and reproductive health care, information and education: Component 1: Maternity Care (%)","706","Somalia","2019","0","2019","","","","","United Nations Population Fund, global databases, 2022. Based on official responses to the United Nations 12th Inquiry among Governments on Population and Development. ","","","C","G","PERCENT"
"5","5.6","5.6.2","SH_LGR_ACSRHEC1","(S.1.C.1) Extent to which countries have laws and regulations that guarantee full and equal access to women and men aged 15 years and older to sexual and reproductive health care, information and education: Component 1: Maternity Care (%)","710","South Africa","2019","100","2019","","","","","United Nations Population Fund, global databases, 2022. Based on official responses to the United Nations 12th Inquiry among Governments on Population and Development. ","","","C","G","PERCENT"
"5","5.6","5.6.2","SH_LGR_ACSRHEC1","(S.1.C.1) Extent to which countries have laws and regulations that guarantee full and equal access to women and men aged 15 years and older to sexual and reproductive health care, information and education: Component 1: Maternity Care (%)","728","South Sudan","2019","0","2019","","","","","United Nations Population Fund, global databases, 2022. Based on official responses to the United Nations 12th Inquiry among Governments on Population and Development. ","","","C","G","PERCENT"
"5","5.6","5.6.2","SH_LGR_ACSRHEC1","(S.1.C.1) Extent to which countries have laws and regulations that guarantee full and equal access to women and men aged 15 years and older to sexual and reproductive health care, information and education: Component 1: Maternity Care (%)","729","Sudan","2019","100","2019","","","","","United Nations Population Fund, global databases, 2022. Based on official responses to the United Nations 12th Inquiry among Governments on Population and Development. ","","","C","G","PERCENT"
"5","5.6","5.6.2","SH_LGR_ACSRHEC1","(S.1.C.1) Extent to which countries have laws and regulations that guarantee full and equal access to women and men aged 15 years and older to sexual and reproductive health care, information and education: Component 1: Maternity Care (%)","740","Suriname","2019","100","2019","","","","","United Nations Population Fund, global databases, 2022. Based on official responses to the United Nations 12th Inquiry among Governments on Population and Development. ","","","C","G","PERCENT"
"5","5.6","5.6.2","SH_LGR_ACSRHEC1","(S.1.C.1) Extent to which countries have laws and regulations that guarantee full and equal access to women and men aged 15 years and older to sexual and reproductive health care, information and education: Component 1: Maternity Care (%)","752","Sweden","2019","100","2019","","","","","United Nations Population Fund, global databases, 2022. Based on official responses to the United Nations 12th Inquiry among Governments on Population and Development. ","","","C","G","PERCENT"
"5","5.6","5.6.2","SH_LGR_ACSRHEC1","(S.1.C.1) Extent to which countries have laws and regulations that guarantee full and equal access to women and men aged 15 years and older to sexual and reproductive health care, information and education: Component 1: Maternity Care (%)","756","Switzerland","2019","100","2019","","","","","United Nations Population Fund, global databases, 2022. Based on official responses to the United Nations 12th Inquiry among Governments on Population and Development. ","","","C","G","PERCENT"
"5","5.6","5.6.2","SH_LGR_ACSRHEC1","(S.1.C.1) Extent to which countries have laws and regulations that guarantee full and equal access to women and men aged 15 years and older to sexual and reproductive health care, information and education: Component 1: Maternity Care (%)","760","Syrian Arab Republic","2019","100","2019","","","","","United Nations Population Fund, global databases, 2022. Based on official responses to the United Nations 12th Inquiry among Governments on Population and Development. ","","","C","G","PERCENT"
"5","5.6","5.6.2","SH_LGR_ACSRHEC1","(S.1.C.1) Extent to which countries have laws and regulations that guarantee full and equal access to women and men aged 15 years and older to sexual and reproductive health care, information and education: Component 1: Maternity Care (%)","788","Tunisia","2019","100","2019","","","","","United Nations Population Fund, global databases, 2022. Based on official responses to the United Nations 12th Inquiry among Governments on Population and Development. ","","","C","G","PERCENT"
"5","5.6","5.6.2","SH_LGR_ACSRHEC1","(S.1.C.1) Extent to which countries have laws and regulations that guarantee full and equal access to women and men aged 15 years and older to sexual and reproductive health care, information and education: Component 1: Maternity Care (%)","834","United Republic of Tanzania","2019","100","2019","","","","","United Nations Population Fund, global databases, 2022. Based on official responses to the United Nations 12th Inquiry among Governments on Population and Development. ","","","C","G","PERCENT"
"5","5.6","5.6.2","SH_LGR_ACSRHEC1","(S.1.C.1) Extent to which countries have laws and regulations that guarantee full and equal access to women and men aged 15 years and older to sexual and reproductive health care, information and education: Component 1: Maternity Care (%)","887","Yemen","2019","25","2019","","","","","United Nations Population Fund, global databases, 2022. Based on official responses to the United Nations 12th Inquiry among Governments on Population and Development. ","","","C","G","PERCENT"
"5","5.6","5.6.2","SH_LGR_ACSRHEC1","(S.1.C.1) Extent to which countries have laws and regulations that guarantee full and equal access to women and men aged 15 years and older to sexual and reproductive health care, information and education: Component 1: Maternity Care (%)","894","Zambia","2019","100","2019","","","","","United Nations Population Fund, global databases, 2022. Based on official responses to the United Nations 12th Inquiry among Governments on Population and Development. ","","","C","G","PERCENT"
                                                                                                                                                                                                                                                                                                                                                                                                                                                                                                                                                                                                                                                                                                                                                                                                                                                                                                                                                                                                                                                                                                                                                                                                                                                                                                                                                                                                                                                                                                                                                                                                                                                                                                                                                                                                                                                                                                                                                                                                                                                                                                                                                                                                                                                                                                                                                                                                                                                                                                                                                                                                                                                                                                                                                                                                                                                                                                                                                                                                                                                                                                                                                                                                                                                                                                                                                                                                                                                                                                                                                                                                                                                                                                                                                                                                                                                                                                                                                                                                                                                                                                                                                                                                                                                                                                                                                                                                                                                                                                                                                                                                                                                                                                                                                                                                                                                                                                                                                                                                                                                                                                                                                                                                                                                                                                                                                                                                                                                                                                                                                                                                                                                                                                                                                                                                                                                                                                                                                                                                                                                                                                                                                                                                                                                                                                                                                                                                                                                                                                                                                                                                                                                                                                                                                                                                                                                                                                                                                