Goal,Target,Indicator,SeriesCode,SeriesDescription,GeoAreaCode,GeoAreaName,TimePeriod,Value,Time_Detail,TimeCoverage,UpperBound,LowerBound,BasePeriod,Source,GeoInfoUrl,FootNote,[Nature],[Observation Status],[Reporting Type],[Sex],[Units]
"1","1.3","1.3.1","SI_COV_POOR","[ILO] Proportion of poor population receiving social assistance cash benefit, by sex (%)","28","Antigua and Barbuda","2018","12.3","2018","","","","","ILO estimates based on country data compled through the ILO Social Security Inquiry (SSI)","","","E","A","G","BOTHSEX","PERCENT"
"1","1.3","1.3.1","SI_COV_POOR","[ILO] Proportion of poor population receiving social assistance cash benefit, by sex (%)","31","Azerbaijan","2016","100","2016","","","","","ILO estimates based on country data compled through the ILO Social Security Inquiry (SSI)","","","E","A","G","BOTHSEX","PERCENT"
"1","1.3","1.3.1","SI_COV_POOR","[ILO] Proportion of poor population receiving social assistance cash benefit, by sex (%)","31","Azerbaijan","2018","100","2018","","","","","ILO estimates based on country data compled through the ILO Social Security Inquiry (SSI)","","","E","A","G","BOTHSEX","PERCENT"
"1","1.3","1.3.1","SI_COV_POOR","[ILO] Proportion of poor population receiving social assistance cash benefit, by sex (%)","32","Argentina","2019","36.6","2019","","","","","ILO estimates based on country data compled through the ILO Social Security Inquiry (SSI)","","","E","A","G","BOTHSEX","PERCENT"
"1","1.3","1.3.1","SI_COV_POOR","[ILO] Proportion of poor population receiving social assistance cash benefit, by sex (%)","32","Argentina","2020","36.6","2020","","","","","ILO estimates based on country data compled through the ILO Social Security Inquiry (SSI)","","","E","A","G","BOTHSEX","PERCENT"
"1","1.3","1.3.1","SI_COV_POOR","[ILO] Proportion of poor population receiving social assistance cash benefit, by sex (%)","40","Austria","2016","100","2016","","","","","ILO estimates based on country data compled through the ILO Social Security Inquiry (SSI)","","","E","A","G","BOTHSEX","PERCENT"
"1","1.3","1.3.1","SI_COV_POOR","[ILO] Proportion of poor population receiving social assistance cash benefit, by sex (%)","50","Bangladesh","2016","11","2016","","","","","ILO estimates based on country data compled through the ILO Social Security Inquiry (SSI)","","","E","A","G","BOTHSEX","PERCENT"
"1","1.3","1.3.1","SI_COV_POOR","[ILO] Proportion of poor population receiving social assistance cash benefit, by sex (%)","50","Bangladesh","2018","61","2018","","","","","ILO estimates based on country data compled through the ILO Social Security Inquiry (SSI)","","","E","A","G","BOTHSEX","PERCENT"
"1","1.3","1.3.1","SI_COV_POOR","[ILO] Proportion of poor population receiving social assistance cash benefit, by sex (%)","51","Armenia","2016","38.2","2016","","","","","ILO estimates based on country data compled through the ILO Social Security Inquiry (SSI)","","","E","A","G","BOTHSEX","PERCENT"
"1","1.3","1.3.1","SI_COV_POOR","[ILO] Proportion of poor population receiving social assistance cash benefit, by sex (%)","51","Armenia","2018","47.9","2018","","","","","ILO estimates based on country data compled through the ILO Social Security Inquiry (SSI)","","","E","A","G","BOTHSEX","PERCENT"
"1","1.3","1.3.1","SI_COV_POOR","[ILO] Proportion of poor population receiving social assistance cash benefit, by sex (%)","52","Barbados","2019","16.4","2019","","","","","ILO estimates based on country data compled through the ILO Social Security Inquiry (SSI)","","","E","A","G","BOTHSEX","PERCENT"
"1","1.3","1.3.1","SI_COV_POOR","[ILO] Proportion of poor population receiving social assistance cash benefit, by sex (%)","52","Barbados","2020","24.2","2020","","","","","ILO estimates based on country data compled through the ILO Social Security Inquiry (SSI)","","","E","A","G","BOTHSEX","PERCENT"
"1","1.3","1.3.1","SI_COV_POOR","[ILO] Proportion of poor population receiving social assistance cash benefit, by sex (%)","56","Belgium","2016","100","2016","","","","","ILO estimates based on country data compled through the ILO Social Security Inquiry (SSI)","","","E","A","G","BOTHSEX","PERCENT"
"1","1.3","1.3.1","SI_COV_POOR","[ILO] Proportion of poor population receiving social assistance cash benefit, by sex (%)","60","Bermuda","2019","46.2","2019","","","","","ILO estimates based on country data compled through the ILO Social Security Inquiry (SSI)","","","E","A","G","BOTHSEX","PERCENT"
"1","1.3","1.3.1","SI_COV_POOR","[ILO] Proportion of poor population receiving social assistance cash benefit, by sex (%)","64","Bhutan","2018","60.2","2018","","","","","ILO estimates based on country data compled through the ILO Social Security Inquiry (SSI)","","","E","A","G","BOTHSEX","PERCENT"
"1","1.3","1.3.1","SI_COV_POOR","[ILO] Proportion of poor population receiving social assistance cash benefit, by sex (%)","68","Bolivia (Plurinational State of)","2016","79.8","2016","","","","","ILO estimates based on country data compled through the ILO Social Security Inquiry (SSI)","","","E","A","G","BOTHSEX","PERCENT"
"1","1.3","1.3.1","SI_COV_POOR","[ILO] Proportion of poor population receiving social assistance cash benefit, by sex (%)","70","Bosnia and Herzegovina","2020","2.6","2020","","","","","ILO estimates based on country data compled through the ILO Social Security Inquiry (SSI)","","","E","A","G","BOTHSEX","PERCENT"
"1","1.3","1.3.1","SI_COV_POOR","[ILO] Proportion of poor population receiving social assistance cash benefit, by sex (%)","76","Brazil","2016","100","2016","","","","","ILO estimates based on country data compled through the ILO Social Security Inquiry (SSI)","","","E","A","G","BOTHSEX","PERCENT"
"1","1.3","1.3.1","SI_COV_POOR","[ILO] Proportion of poor population receiving social assistance cash benefit, by sex (%)","76","Brazil","2019","100","2019","","","","","ILO estimates based on country data compled through the ILO Social Security Inquiry (SSI)","","","E","A","G","BOTHSEX","PERCENT"
"1","1.3","1.3.1","SI_COV_POOR","[ILO] Proportion of poor population receiving social assistance cash benefit, by sex (%)","84","Belize","2019","7.4","2019","","","","","ILO estimates based on country data compled through the ILO Social Security Inquiry (SSI)","","","E","A","G","BOTHSEX","PERCENT"
"1","1.3","1.3.1","SI_COV_POOR","[ILO] Proportion of poor population receiving social assistance cash benefit, by sex (%)","84","Belize","2020","3.3","2020","","","","","ILO estimates based on country data compled through the ILO Social Security Inquiry (SSI)","","","E","A","G","BOTHSEX","PERCENT"
"1","1.3","1.3.1","SI_COV_POOR","[ILO] Proportion of poor population receiving social assistance cash benefit, by sex (%)","90","Solomon Islands","2018","2.9","2018","","","","","ILO estimates based on country data compled through the ILO Social Security Inquiry (SSI)","","","E","A","G","BOTHSEX","PERCENT"
"1","1.3","1.3.1","SI_COV_POOR","[ILO] Proportion of poor population receiving social assistance cash benefit, by sex (%)","100","Bulgaria","2016","52.1","2016","","","","","ILO estimates based on country data compled through the ILO Social Security Inquiry (SSI)","","","E","A","G","BOTHSEX","PERCENT"
"1","1.3","1.3.1","SI_COV_POOR","[ILO] Proportion of poor population receiving social assistance cash benefit, by sex (%)","104","Myanmar","2018","0.8","2018","","","","","ILO estimates based on country data compled through the ILO Social Security Inquiry (SSI)","","","E","A","G","BOTHSEX","PERCENT"
"1","1.3","1.3.1","SI_COV_POOR","[ILO] Proportion of poor population receiving social assistance cash benefit, by sex (%)","116","Cambodia","2020","12.3","2020","","","","","ILO estimates based on country data compled through the ILO Social Security Inquiry (SSI)","","","E","A","G","BOTHSEX","PERCENT"
"1","1.3","1.3.1","SI_COV_POOR","[ILO] Proportion of poor population receiving social assistance cash benefit, by sex (%)","120","Cameroon","2016","0.5","2016","","","","","ILO estimates based on country data compled through the ILO Social Security Inquiry (SSI)","","","E","A","G","BOTHSEX","PERCENT"
"1","1.3","1.3.1","SI_COV_POOR","[ILO] Proportion of poor population receiving social assistance cash benefit, by sex (%)","124","Canada","2016","100","2016","","","","","ILO estimates based on country data compled through the ILO Social Security Inquiry (SSI)","","","E","A","G","BOTHSEX","PERCENT"
"1","1.3","1.3.1","SI_COV_POOR","[ILO] Proportion of poor population receiving social assistance cash benefit, by sex (%)","132","Cabo Verde","2020","48.2","2020","","","","","ILO estimates based on country data compled through the ILO Social Security Inquiry (SSI)","","","E","A","G","BOTHSEX","PERCENT"
"1","1.3","1.3.1","SI_COV_POOR","[ILO] Proportion of poor population receiving social assistance cash benefit, by sex (%)","136","Cayman Islands","2019","93.7","2019","","","","","ILO estimates based on country data compled through the ILO Social Security Inquiry (SSI)","","","E","A","G","BOTHSEX","PERCENT"
"1","1.3","1.3.1","SI_COV_POOR","[ILO] Proportion of poor population receiving social assistance cash benefit, by sex (%)","144","Sri Lanka","2016","51.5","2016","","","","","ILO estimates based on country data compled through the ILO Social Security Inquiry (SSI)","","","E","A","G","BOTHSEX","PERCENT"
"1","1.3","1.3.1","SI_COV_POOR","[ILO] Proportion of poor population receiving social assistance cash benefit, by sex (%)","144","Sri Lanka","2018","100","2018","","","","","ILO estimates based on country data compled through the ILO Social Security Inquiry (SSI)","","","E","A","G","BOTHSEX","PERCENT"
"1","1.3","1.3.1","SI_COV_POOR","[ILO] Proportion of poor population receiving social assistance cash benefit, by sex (%)","144","Sri Lanka","2020","100","2020","","","","","ILO estimates based on country data compled through the ILO Social Security Inquiry (SSI)","","","E","A","G","BOTHSEX","PERCENT"
"1","1.3","1.3.1","SI_COV_POOR","[ILO] Proportion of poor population receiving social assistance cash benefit, by sex (%)","152","Chile","2016","97.6","2016","","","","","ILO estimates based on country data compled through the ILO Social Security Inquiry (SSI)","","","E","A","G","BOTHSEX","PERCENT"
"1","1.3","1.3.1","SI_COV_POOR","[ILO] Proportion of poor population receiving social assistance cash benefit, by sex (%)","152","Chile","2019","100","2019","","","","","ILO estimates based on country data compled through the ILO Social Security Inquiry (SSI)","","","E","A","G","BOTHSEX","PERCENT"
"1","1.3","1.3.1","SI_COV_POOR","[ILO] Proportion of poor population receiving social assistance cash benefit, by sex (%)","152","Chile","2020","100","2020","","","","","ILO estimates based on country data compled through the ILO Social Security Inquiry (SSI)","","","E","A","G","BOTHSEX","PERCENT"
"1","1.3","1.3.1","SI_COV_POOR","[ILO] Proportion of poor population receiving social assistance cash benefit, by sex (%)","156","China","2016","51.6","2016","","","","","ILO estimates based on country data compled through the ILO Social Security Inquiry (SSI)","","","E","A","G","BOTHSEX","PERCENT"
"1","1.3","1.3.1","SI_COV_POOR","[ILO] Proportion of poor population receiving social assistance cash benefit, by sex (%)","156","China","2019","100","2019","","","","","ILO estimates based on country data compled through the ILO Social Security Inquiry (SSI)","","","E","A","G","BOTHSEX","PERCENT"
"1","1.3","1.3.1","SI_COV_POOR","[ILO] Proportion of poor population receiving social assistance cash benefit, by sex (%)","156","China","2020","100","2020","","","","","ILO estimates based on country data compled through the ILO Social Security Inquiry (SSI)","","","E","A","G","BOTHSEX","PERCENT"
"1","1.3","1.3.1","SI_COV_POOR","[ILO] Proportion of poor population receiving social assistance cash benefit, by sex (%)","170","Colombia","2016","22.8","2016","","","","","ILO estimates based on country data compled through the ILO Social Security Inquiry (SSI)","","","E","A","G","BOTHSEX","PERCENT"
"1","1.3","1.3.1","SI_COV_POOR","[ILO] Proportion of poor population receiving social assistance cash benefit, by sex (%)","170","Colombia","2019","77.6","2019","","","","","ILO estimates based on country data compled through the ILO Social Security Inquiry (SSI)","","","E","A","G","BOTHSEX","PERCENT"
"1","1.3","1.3.1","SI_COV_POOR","[ILO] Proportion of poor population receiving social assistance cash benefit, by sex (%)","180","Democratic Republic of the Congo","2016","8.8","2016","","","","","ILO estimates based on country data compled through the ILO Social Security Inquiry (SSI)","","","E","A","G","BOTHSEX","PERCENT"
"1","1.3","1.3.1","SI_COV_POOR","[ILO] Proportion of poor population receiving social assistance cash benefit, by sex (%)","188","Costa Rica","2019","69.4","2019","","","","","ILO estimates based on country data compled through the ILO Social Security Inquiry (SSI)","","","E","A","G","BOTHSEX","PERCENT"
"1","1.3","1.3.1","SI_COV_POOR","[ILO] Proportion of poor population receiving social assistance cash benefit, by sex (%)","191","Croatia","2015","12.4","2015","","","","","ILO estimates based on country data compled through the ILO Social Security Inquiry (SSI)","","","E","A","G","BOTHSEX","PERCENT"
"1","1.3","1.3.1","SI_COV_POOR","[ILO] Proportion of poor population receiving social assistance cash benefit, by sex (%)","191","Croatia","2019","9.6","2019","","","","","ILO estimates based on country data compled through the ILO Social Security Inquiry (SSI)","","","E","A","G","BOTHSEX","PERCENT"
"1","1.3","1.3.1","SI_COV_POOR","[ILO] Proportion of poor population receiving social assistance cash benefit, by sex (%)","208","Denmark","2016","100","2016","","","","","ILO estimates based on country data compled through the ILO Social Security Inquiry (SSI)","","","E","A","G","BOTHSEX","PERCENT"
"1","1.3","1.3.1","SI_COV_POOR","[ILO] Proportion of poor population receiving social assistance cash benefit, by sex (%)","212","Dominica","2018","39.4","2018","","","","","ILO estimates based on country data compled through the ILO Social Security Inquiry (SSI)","","","E","A","G","BOTHSEX","PERCENT"
"1","1.3","1.3.1","SI_COV_POOR","[ILO] Proportion of poor population receiving social assistance cash benefit, by sex (%)","212","Dominica","2019","31.7","2019","","","","","ILO estimates based on country data compled through the ILO Social Security Inquiry (SSI)","","","E","A","G","BOTHSEX","PERCENT"
"1","1.3","1.3.1","SI_COV_POOR","[ILO] Proportion of poor population receiving social assistance cash benefit, by sex (%)","212","Dominica","2020","31.7","2020","","","","","ILO estimates based on country data compled through the ILO Social Security Inquiry (SSI)","","","E","A","G","BOTHSEX","PERCENT"
"1","1.3","1.3.1","SI_COV_POOR","[ILO] Proportion of poor population receiving social assistance cash benefit, by sex (%)","214","Dominican Republic","2016","84.8","2016","","","","","ILO estimates based on country data compled through the ILO Social Security Inquiry (SSI)","","","E","A","G","BOTHSEX","PERCENT"
"1","1.3","1.3.1","SI_COV_POOR","[ILO] Proportion of poor population receiving social assistance cash benefit, by sex (%)","214","Dominican Republic","2019","100","2019","","","","","ILO estimates based on country data compled through the ILO Social Security Inquiry (SSI)","","","E","A","G","BOTHSEX","PERCENT"
"1","1.3","1.3.1","SI_COV_POOR","[ILO] Proportion of poor population receiving social assistance cash benefit, by sex (%)","214","Dominican Republic","2020","100","2020","","","","","ILO estimates based on country data compled through the ILO Social Security Inquiry (SSI)","","","E","A","G","BOTHSEX","PERCENT"
"1","1.3","1.3.1","SI_COV_POOR","[ILO] Proportion of poor population receiving social assistance cash benefit, by sex (%)","218","Ecuador","2019","47.4","2019","","","","","ILO estimates based on country data compled through the ILO Social Security Inquiry (SSI)","","","E","A","G","BOTHSEX","PERCENT"
"1","1.3","1.3.1","SI_COV_POOR","[ILO] Proportion of poor population receiving social assistance cash benefit, by sex (%)","222","El Salvador","2019","0","2019","","","","","ILO estimates based on country data compled through the ILO Social Security Inquiry (SSI)","","","E","A","G","BOTHSEX","PERCENT"
"1","1.3","1.3.1","SI_COV_POOR","[ILO] Proportion of poor population receiving social assistance cash benefit, by sex (%)","231","Ethiopia","2019","5.4","2019","","","","","ILO estimates based on country data compled through the ILO Social Security Inquiry (SSI)","","","E","A","G","BOTHSEX","PERCENT"
"1","1.3","1.3.1","SI_COV_POOR","[ILO] Proportion of poor population receiving social assistance cash benefit, by sex (%)","232","Eritrea","2019","0.1","2019","","","","","ILO estimates based on country data compled through the ILO Social Security Inquiry (SSI)","","","E","A","G","BOTHSEX","PERCENT"
"1","1.3","1.3.1","SI_COV_POOR","[ILO] Proportion of poor population receiving social assistance cash benefit, by sex (%)","233","Estonia","2016","100","2016","","","","","ILO estimates based on country data compled through the ILO Social Security Inquiry (SSI)","","","E","A","G","BOTHSEX","PERCENT"
"1","1.3","1.3.1","SI_COV_POOR","[ILO] Proportion of poor population receiving social assistance cash benefit, by sex (%)","242","Fiji","2018","68","2018","","","","","ILO estimates based on country data compled through the ILO Social Security Inquiry (SSI)","","","E","A","G","BOTHSEX","PERCENT"
"1","1.3","1.3.1","SI_COV_POOR","[ILO] Proportion of poor population receiving social assistance cash benefit, by sex (%)","246","Finland","2016","100","2016","","","","","ILO estimates based on country data compled through the ILO Social Security Inquiry (SSI)","","","E","A","G","BOTHSEX","PERCENT"
"1","1.3","1.3.1","SI_COV_POOR","[ILO] Proportion of poor population receiving social assistance cash benefit, by sex (%)","250","France","2016","100","2016","","","","","ILO estimates based on country data compled through the ILO Social Security Inquiry (SSI)","","","E","A","G","BOTHSEX","PERCENT"
"1","1.3","1.3.1","SI_COV_POOR","[ILO] Proportion of poor population receiving social assistance cash benefit, by sex (%)","262","Djibouti","2019","18.9","2019","","","","","ILO estimates based on country data compled through the ILO Social Security Inquiry (SSI)","","","E","A","G","BOTHSEX","PERCENT"
"1","1.3","1.3.1","SI_COV_POOR","[ILO] Proportion of poor population receiving social assistance cash benefit, by sex (%)","268","Georgia","2016","100","2016","","","","","ILO estimates based on country data compled through the ILO Social Security Inquiry (SSI)","","","E","A","G","BOTHSEX","PERCENT"
"1","1.3","1.3.1","SI_COV_POOR","[ILO] Proportion of poor population receiving social assistance cash benefit, by sex (%)","268","Georgia","2018","100","2018","","","","","ILO estimates based on country data compled through the ILO Social Security Inquiry (SSI)","","","E","A","G","BOTHSEX","PERCENT"
"1","1.3","1.3.1","SI_COV_POOR","[ILO] Proportion of poor population receiving social assistance cash benefit, by sex (%)","270","Gambia","2016","1.1","2016","","","","","ILO estimates based on country data compled through the ILO Social Security Inquiry (SSI)","","","E","A","G","BOTHSEX","PERCENT"
"1","1.3","1.3.1","SI_COV_POOR","[ILO] Proportion of poor population receiving social assistance cash benefit, by sex (%)","270","Gambia","2018","0.5","2018","","","","","ILO estimates based on country data compled through the ILO Social Security Inquiry (SSI)","","","E","A","G","BOTHSEX","PERCENT"
"1","1.3","1.3.1","SI_COV_POOR","[ILO] Proportion of poor population receiving social assistance cash benefit, by sex (%)","276","Germany","2016","100","2016","","","","","ILO estimates based on country data compled through the ILO Social Security Inquiry (SSI)","","","E","A","G","BOTHSEX","PERCENT"
"1","1.3","1.3.1","SI_COV_POOR","[ILO] Proportion of poor population receiving social assistance cash benefit, by sex (%)","288","Ghana","2019","20.3","2019","","","","","ILO estimates based on country data compled through the ILO Social Security Inquiry (SSI)","","","E","A","G","BOTHSEX","PERCENT"
"1","1.3","1.3.1","SI_COV_POOR","[ILO] Proportion of poor population receiving social assistance cash benefit, by sex (%)","296","Kiribati","2018","15.9","2018","","","","","ILO estimates based on country data compled through the ILO Social Security Inquiry (SSI)","","","E","A","G","BOTHSEX","PERCENT"
"1","1.3","1.3.1","SI_COV_POOR","[ILO] Proportion of poor population receiving social assistance cash benefit, by sex (%)","308","Grenada","2019","23.6","2019","","","","","ILO estimates based on country data compled through the ILO Social Security Inquiry (SSI)","","","E","A","G","BOTHSEX","PERCENT"
"1","1.3","1.3.1","SI_COV_POOR","[ILO] Proportion of poor population receiving social assistance cash benefit, by sex (%)","308","Grenada","2020","23.6","2020","","","","","ILO estimates based on country data compled through the ILO Social Security Inquiry (SSI)","","","E","A","G","BOTHSEX","PERCENT"
"1","1.3","1.3.1","SI_COV_POOR","[ILO] Proportion of poor population receiving social assistance cash benefit, by sex (%)","312","Guadeloupe","2019","37.9","2019","","","","","ILO estimates based on country data compled through the ILO Social Security Inquiry (SSI)","","","E","A","G","BOTHSEX","PERCENT"
"1","1.3","1.3.1","SI_COV_POOR","[ILO] Proportion of poor population receiving social assistance cash benefit, by sex (%)","320","Guatemala","2017","3.7","2017","","","","","ILO estimates based on country data compled through the ILO Social Security Inquiry (SSI)","","","E","A","G","BOTHSEX","PERCENT"
"1","1.3","1.3.1","SI_COV_POOR","[ILO] Proportion of poor population receiving social assistance cash benefit, by sex (%)","320","Guatemala","2019","9.4","2019","","","","","ILO estimates based on country data compled through the ILO Social Security Inquiry (SSI)","","","E","A","G","BOTHSEX","PERCENT"
"1","1.3","1.3.1","SI_COV_POOR","[ILO] Proportion of poor population receiving social assistance cash benefit, by sex (%)","320","Guatemala","2020","9.4","2020","","","","","ILO estimates based on country data compled through the ILO Social Security Inquiry (SSI)","","","E","A","G","BOTHSEX","PERCENT"
"1","1.3","1.3.1","SI_COV_POOR","[ILO] Proportion of poor population receiving social assistance cash benefit, by sex (%)","328","Guyana","2019","4.5","2019","","","","","ILO estimates based on country data compled through the ILO Social Security Inquiry (SSI)","","","E","A","G","BOTHSEX","PERCENT"
"1","1.3","1.3.1","SI_COV_POOR","[ILO] Proportion of poor population receiving social assistance cash benefit, by sex (%)","328","Guyana","2020","4.5","2020","","","","","ILO estimates based on country data compled through the ILO Social Security Inquiry (SSI)","","","E","A","G","BOTHSEX","PERCENT"
"1","1.3","1.3.1","SI_COV_POOR","[ILO] Proportion of poor population receiving social assistance cash benefit, by sex (%)","340","Honduras","2019","33.7","2019","","","","","ILO estimates based on country data compled through the ILO Social Security Inquiry (SSI)","","","E","A","G","BOTHSEX","PERCENT"
"1","1.3","1.3.1","SI_COV_POOR","[ILO] Proportion of poor population receiving social assistance cash benefit, by sex (%)","348","Hungary","2016","100","2016","","","","","ILO estimates based on country data compled through the ILO Social Security Inquiry (SSI)","","","E","A","G","BOTHSEX","PERCENT"
"1","1.3","1.3.1","SI_COV_POOR","[ILO] Proportion of poor population receiving social assistance cash benefit, by sex (%)","348","Hungary","2020","100","2020","","","","","ILO estimates based on country data compled through the ILO Social Security Inquiry (SSI)","","","E","A","G","BOTHSEX","PERCENT"
"1","1.3","1.3.1","SI_COV_POOR","[ILO] Proportion of poor population receiving social assistance cash benefit, by sex (%)","360","Indonesia","2018","100","2018","","","","","ILO estimates based on country data compled through the ILO Social Security Inquiry (SSI)","","","E","A","G","BOTHSEX","PERCENT"
"1","1.3","1.3.1","SI_COV_POOR","[ILO] Proportion of poor population receiving social assistance cash benefit, by sex (%)","372","Ireland","2016","100","2016","","","","","ILO estimates based on country data compled through the ILO Social Security Inquiry (SSI)","","","E","A","G","BOTHSEX","PERCENT"
"1","1.3","1.3.1","SI_COV_POOR","[ILO] Proportion of poor population receiving social assistance cash benefit, by sex (%)","388","Jamaica","2019","58.1","2019","","","","","ILO estimates based on country data compled through the ILO Social Security Inquiry (SSI)","","","E","A","G","BOTHSEX","PERCENT"
"1","1.3","1.3.1","SI_COV_POOR","[ILO] Proportion of poor population receiving social assistance cash benefit, by sex (%)","388","Jamaica","2020","58.1","2020","","","","","ILO estimates based on country data compled through the ILO Social Security Inquiry (SSI)","","","E","A","G","BOTHSEX","PERCENT"
"1","1.3","1.3.1","SI_COV_POOR","[ILO] Proportion of poor population receiving social assistance cash benefit, by sex (%)","392","Japan","2020","37.9","2020","","","","","ILO estimates based on country data compled through the ILO Social Security Inquiry (SSI)","","","E","A","G","BOTHSEX","PERCENT"
"1","1.3","1.3.1","SI_COV_POOR","[ILO] Proportion of poor population receiving social assistance cash benefit, by sex (%)","398","Kazakhstan","2016","28.9","2016","","","","","ILO estimates based on country data compled through the ILO Social Security Inquiry (SSI)","","","E","A","G","BOTHSEX","PERCENT"
"1","1.3","1.3.1","SI_COV_POOR","[ILO] Proportion of poor population receiving social assistance cash benefit, by sex (%)","404","Kenya","2019","2.5","2019","","","","","ILO estimates based on country data compled through the ILO Social Security Inquiry (SSI)","","","E","A","G","BOTHSEX","PERCENT"
"1","1.3","1.3.1","SI_COV_POOR","[ILO] Proportion of poor population receiving social assistance cash benefit, by sex (%)","410","Republic of Korea","2016","100","2016","","","","","ILO estimates based on country data compled through the ILO Social Security Inquiry (SSI)","","","E","A","G","BOTHSEX","PERCENT"
"1","1.3","1.3.1","SI_COV_POOR","[ILO] Proportion of poor population receiving social assistance cash benefit, by sex (%)","417","Kyrgyzstan","2018","89.4","2018","","","","","ILO estimates based on country data compled through the ILO Social Security Inquiry (SSI)","","","E","A","G","BOTHSEX","PERCENT"
"1","1.3","1.3.1","SI_COV_POOR","[ILO] Proportion of poor population receiving social assistance cash benefit, by sex (%)","428","Latvia","2016","100","2016","","","","","ILO estimates based on country data compled through the ILO Social Security Inquiry (SSI)","","","E","A","G","BOTHSEX","PERCENT"
"1","1.3","1.3.1","SI_COV_POOR","[ILO] Proportion of poor population receiving social assistance cash benefit, by sex (%)","430","Liberia","2019","0.6","2019","","","","","ILO estimates based on country data compled through the ILO Social Security Inquiry (SSI)","","","E","A","G","BOTHSEX","PERCENT"
"1","1.3","1.3.1","SI_COV_POOR","[ILO] Proportion of poor population receiving social assistance cash benefit, by sex (%)","440","Lithuania","2016","54.1","2016","","","","","ILO estimates based on country data compled through the ILO Social Security Inquiry (SSI)","","","E","A","G","BOTHSEX","PERCENT"
"1","1.3","1.3.1","SI_COV_POOR","[ILO] Proportion of poor population receiving social assistance cash benefit, by sex (%)","454","Malawi","2016","22.3","2016","","","","","ILO estimates based on country data compled through the ILO Social Security Inquiry (SSI)","","","E","A","G","BOTHSEX","PERCENT"
"1","1.3","1.3.1","SI_COV_POOR","[ILO] Proportion of poor population receiving social assistance cash benefit, by sex (%)","458","Malaysia","2018","100","2018","","","","","ILO estimates based on country data compled through the ILO Social Security Inquiry (SSI)","","","E","A","G","BOTHSEX","PERCENT"
"1","1.3","1.3.1","SI_COV_POOR","[ILO] Proportion of poor population receiving social assistance cash benefit, by sex (%)","458","Malaysia","2020","17.4","2020","","","","","ILO estimates based on country data compled through the ILO Social Security Inquiry (SSI)","","","E","A","G","BOTHSEX","PERCENT"
"1","1.3","1.3.1","SI_COV_POOR","[ILO] Proportion of poor population receiving social assistance cash benefit, by sex (%)","462","Maldives","2018","100","2018","","","","","ILO estimates based on country data compled through the ILO Social Security Inquiry (SSI)","","","E","A","G","BOTHSEX","PERCENT"
"1","1.3","1.3.1","SI_COV_POOR","[ILO] Proportion of poor population receiving social assistance cash benefit, by sex (%)","466","Mali","2019","0","2019","","","","","ILO estimates based on country data compled through the ILO Social Security Inquiry (SSI)","","","E","A","G","BOTHSEX","PERCENT"
"1","1.3","1.3.1","SI_COV_POOR","[ILO] Proportion of poor population receiving social assistance cash benefit, by sex (%)","474","Martinique","2019","56.3","2019","","","","","ILO estimates based on country data compled through the ILO Social Security Inquiry (SSI)","","","E","A","G","BOTHSEX","PERCENT"
"1","1.3","1.3.1","SI_COV_POOR","[ILO] Proportion of poor population receiving social assistance cash benefit, by sex (%)","478","Mauritania","2019","15.2","2019","","","","","ILO estimates based on country data compled through the ILO Social Security Inquiry (SSI)","","","E","A","G","BOTHSEX","PERCENT"
"1","1.3","1.3.1","SI_COV_POOR","[ILO] Proportion of poor population receiving social assistance cash benefit, by sex (%)","484","Mexico","2017","45.1","2017","","","","","ILO estimates based on country data compled through the ILO Social Security Inquiry (SSI)","","","E","A","G","BOTHSEX","PERCENT"
"1","1.3","1.3.1","SI_COV_POOR","[ILO] Proportion of poor population receiving social assistance cash benefit, by sex (%)","484","Mexico","2019","66.8","2019","","","","","ILO estimates based on country data compled through the ILO Social Security Inquiry (SSI)","","","E","A","G","BOTHSEX","PERCENT"
"1","1.3","1.3.1","SI_COV_POOR","[ILO] Proportion of poor population receiving social assistance cash benefit, by sex (%)","484","Mexico","2020","66.8","2020","","","","","ILO estimates based on country data compled through the ILO Social Security Inquiry (SSI)","","","E","A","G","BOTHSEX","PERCENT"
"1","1.3","1.3.1","SI_COV_POOR","[ILO] Proportion of poor population receiving social assistance cash benefit, by sex (%)","496","Mongolia","2016","94.9","2016","","","","","ILO estimates based on country data compled through the ILO Social Security Inquiry (SSI)","","","E","A","G","BOTHSEX","PERCENT"
"1","1.3","1.3.1","SI_COV_POOR","[ILO] Proportion of poor population receiving social assistance cash benefit, by sex (%)","496","Mongolia","2018","100","2018","","","","","ILO estimates based on country data compled through the ILO Social Security Inquiry (SSI)","","","E","A","G","BOTHSEX","PERCENT"
"1","1.3","1.3.1","SI_COV_POOR","[ILO] Proportion of poor population receiving social assistance cash benefit, by sex (%)","508","Mozambique","2018","3.9","2018","","","","","ILO estimates based on country data compled through the ILO Social Security Inquiry (SSI)","","","E","A","G","BOTHSEX","PERCENT"
"1","1.3","1.3.1","SI_COV_POOR","[ILO] Proportion of poor population receiving social assistance cash benefit, by sex (%)","508","Mozambique","2019","4.5","2019","","","","","ILO estimates based on country data compled through the ILO Social Security Inquiry (SSI)","","","E","A","G","BOTHSEX","PERCENT"
"1","1.3","1.3.1","SI_COV_POOR","[ILO] Proportion of poor population receiving social assistance cash benefit, by sex (%)","508","Mozambique","2020","4.7","2020","","","","","ILO estimates based on country data compled through the ILO Social Security Inquiry (SSI)","","","E","A","G","BOTHSEX","PERCENT"
"1","1.3","1.3.1","SI_COV_POOR","[ILO] Proportion of poor population receiving social assistance cash benefit, by sex (%)","524","Nepal","2018","70.1","2018","","","","","ILO estimates based on country data compled through the ILO Social Security Inquiry (SSI)","","","E","A","G","BOTHSEX","PERCENT"
"1","1.3","1.3.1","SI_COV_POOR","[ILO] Proportion of poor population receiving social assistance cash benefit, by sex (%)","528","Netherlands (Kingdom of the)","2016","100","2016","","","","","ILO estimates based on country data compled through the ILO Social Security Inquiry (SSI)","","","E","A","G","BOTHSEX","PERCENT"
"1","1.3","1.3.1","SI_COV_POOR","[ILO] Proportion of poor population receiving social assistance cash benefit, by sex (%)","533","Aruba","2019","18.7","2019","","","","","ILO estimates based on country data compled through the ILO Social Security Inquiry (SSI)","","","E","A","G","BOTHSEX","PERCENT"
"1","1.3","1.3.1","SI_COV_POOR","[ILO] Proportion of poor population receiving social assistance cash benefit, by sex (%)","533","Aruba","2020","18.7","2020","","","","","ILO estimates based on country data compled through the ILO Social Security Inquiry (SSI)","","","E","A","G","BOTHSEX","PERCENT"
"1","1.3","1.3.1","SI_COV_POOR","[ILO] Proportion of poor population receiving social assistance cash benefit, by sex (%)","548","Vanuatu","2018","100","2018","","","","","ILO estimates based on country data compled through the ILO Social Security Inquiry (SSI)","","","E","A","G","BOTHSEX","PERCENT"
"1","1.3","1.3.1","SI_COV_POOR","[ILO] Proportion of poor population receiving social assistance cash benefit, by sex (%)","554","New Zealand","2016","37.4","2016","","","","","ILO estimates based on country data compled through the ILO Social Security Inquiry (SSI)","","","E","A","G","BOTHSEX","PERCENT"
"1","1.3","1.3.1","SI_COV_POOR","[ILO] Proportion of poor population receiving social assistance cash benefit, by sex (%)","562","Niger","2016","39.5","2016","","","","","ILO estimates based on country data compled through the ILO Social Security Inquiry (SSI)","","","E","A","G","BOTHSEX","PERCENT"
"1","1.3","1.3.1","SI_COV_POOR","[ILO] Proportion of poor population receiving social assistance cash benefit, by sex (%)","566","Nigeria","2019","2.2","2019","","","","","ILO estimates based on country data compled through the ILO Social Security Inquiry (SSI)","","Based on available data mainly from central government schemes.","E","A","G","BOTHSEX","PERCENT"
"1","1.3","1.3.1","SI_COV_POOR","[ILO] Proportion of poor population receiving social assistance cash benefit, by sex (%)","578","Norway","2016","100","2016","","","","","ILO estimates based on country data compled through the ILO Social Security Inquiry (SSI)","","","E","A","G","BOTHSEX","PERCENT"
"1","1.3","1.3.1","SI_COV_POOR","[ILO] Proportion of poor population receiving social assistance cash benefit, by sex (%)","585","Palau","2018","56","2018","","","","","ILO estimates based on country data compled through the ILO Social Security Inquiry (SSI)","","","E","A","G","BOTHSEX","PERCENT"
"1","1.3","1.3.1","SI_COV_POOR","[ILO] Proportion of poor population receiving social assistance cash benefit, by sex (%)","585","Palau","2019","5.8","2019","","","","","ILO estimates based on country data compled through the ILO Social Security Inquiry (SSI)","","","E","A","G","BOTHSEX","PERCENT"
"1","1.3","1.3.1","SI_COV_POOR","[ILO] Proportion of poor population receiving social assistance cash benefit, by sex (%)","586","Pakistan","2018","69.2","2018","","","","","ILO estimates based on country data compled through the ILO Social Security Inquiry (SSI)","","","E","A","G","BOTHSEX","PERCENT"
"1","1.3","1.3.1","SI_COV_POOR","[ILO] Proportion of poor population receiving social assistance cash benefit, by sex (%)","591","Panama","2019","30.8","2019","","","","","ILO estimates based on country data compled through the ILO Social Security Inquiry (SSI)","","","E","A","G","BOTHSEX","PERCENT"
"1","1.3","1.3.1","SI_COV_POOR","[ILO] Proportion of poor population receiving social assistance cash benefit, by sex (%)","591","Panama","2020","30.8","2020","","","","","ILO estimates based on country data compled through the ILO Social Security Inquiry (SSI)","","","E","A","G","BOTHSEX","PERCENT"
"1","1.3","1.3.1","SI_COV_POOR","[ILO] Proportion of poor population receiving social assistance cash benefit, by sex (%)","600","Paraguay","2019","49.3","2019","","","","","ILO estimates based on country data compled through the ILO Social Security Inquiry (SSI)","","","E","A","G","BOTHSEX","PERCENT"
"1","1.3","1.3.1","SI_COV_POOR","[ILO] Proportion of poor population receiving social assistance cash benefit, by sex (%)","600","Paraguay","2020","47.2","2020","","","","","ILO estimates based on country data compled through the ILO Social Security Inquiry (SSI)","","","E","A","G","BOTHSEX","PERCENT"
"1","1.3","1.3.1","SI_COV_POOR","[ILO] Proportion of poor population receiving social assistance cash benefit, by sex (%)","604","Peru","2019","53.6","2019","","","","","ILO estimates based on country data compled through the ILO Social Security Inquiry (SSI)","","","E","A","G","BOTHSEX","PERCENT"
"1","1.3","1.3.1","SI_COV_POOR","[ILO] Proportion of poor population receiving social assistance cash benefit, by sex (%)","608","Philippines","2018","100","2018","","","","","ILO estimates based on country data compled through the ILO Social Security Inquiry (SSI)","","","E","A","G","BOTHSEX","PERCENT"
"1","1.3","1.3.1","SI_COV_POOR","[ILO] Proportion of poor population receiving social assistance cash benefit, by sex (%)","616","Poland","2016","100","2016","","","","","ILO estimates based on country data compled through the ILO Social Security Inquiry (SSI)","","","E","A","G","BOTHSEX","PERCENT"
"1","1.3","1.3.1","SI_COV_POOR","[ILO] Proportion of poor population receiving social assistance cash benefit, by sex (%)","620","Portugal","2016","100","2016","","","","","ILO estimates based on country data compled through the ILO Social Security Inquiry (SSI)","","","E","A","G","BOTHSEX","PERCENT"
"1","1.3","1.3.1","SI_COV_POOR","[ILO] Proportion of poor population receiving social assistance cash benefit, by sex (%)","626","Timor-Leste","2018","94.9","2018","","","","","ILO estimates based on country data compled through the ILO Social Security Inquiry (SSI)","","","E","A","G","BOTHSEX","PERCENT"
"1","1.3","1.3.1","SI_COV_POOR","[ILO] Proportion of poor population receiving social assistance cash benefit, by sex (%)","630","Puerto Rico","2019","3.8","2019","","","","","ILO estimates based on country data compled through the ILO Social Security Inquiry (SSI)","","","E","A","G","BOTHSEX","PERCENT"
"1","1.3","1.3.1","SI_COV_POOR","[ILO] Proportion of poor population receiving social assistance cash benefit, by sex (%)","642","Romania","2016","100","2016","","","","","ILO estimates based on country data compled through the ILO Social Security Inquiry (SSI)","","","E","A","G","BOTHSEX","PERCENT"
"1","1.3","1.3.1","SI_COV_POOR","[ILO] Proportion of poor population receiving social assistance cash benefit, by sex (%)","643","Russian Federation","2017","99","2017","","","","","ILO estimates based on country data compled through the ILO Social Security Inquiry (SSI)","","","E","A","G","BOTHSEX","PERCENT"
"1","1.3","1.3.1","SI_COV_POOR","[ILO] Proportion of poor population receiving social assistance cash benefit, by sex (%)","646","Rwanda","2018","10.2","2018","","","","","ILO estimates based on country data compled through the ILO Social Security Inquiry (SSI)","","","E","A","G","BOTHSEX","PERCENT"
"1","1.3","1.3.1","SI_COV_POOR","[ILO] Proportion of poor population receiving social assistance cash benefit, by sex (%)","646","Rwanda","2019","8.8","2019","","","","","ILO estimates based on country data compled through the ILO Social Security Inquiry (SSI)","","","E","A","G","BOTHSEX","PERCENT"
"1","1.3","1.3.1","SI_COV_POOR","[ILO] Proportion of poor population receiving social assistance cash benefit, by sex (%)","659","Saint Kitts and Nevis","2020","100","2020","","","","","ILO estimates based on country data compled through the ILO Social Security Inquiry (SSI)","","","E","A","G","BOTHSEX","PERCENT"
"1","1.3","1.3.1","SI_COV_POOR","[ILO] Proportion of poor population receiving social assistance cash benefit, by sex (%)","660","Anguilla","2019","31","2019","","","","","ILO estimates based on country data compled through the ILO Social Security Inquiry (SSI)","","","E","A","G","BOTHSEX","PERCENT"
"1","1.3","1.3.1","SI_COV_POOR","[ILO] Proportion of poor population receiving social assistance cash benefit, by sex (%)","660","Anguilla","2020","27.8","2020","","","","","ILO estimates based on country data compled through the ILO Social Security Inquiry (SSI)","","","E","A","G","BOTHSEX","PERCENT"
"1","1.3","1.3.1","SI_COV_POOR","[ILO] Proportion of poor population receiving social assistance cash benefit, by sex (%)","662","Saint Lucia","2019","6.6","2019","","","","","ILO estimates based on country data compled through the ILO Social Security Inquiry (SSI)","","","E","A","G","BOTHSEX","PERCENT"
"1","1.3","1.3.1","SI_COV_POOR","[ILO] Proportion of poor population receiving social assistance cash benefit, by sex (%)","662","Saint Lucia","2020","5.8","2020","","","","","ILO estimates based on country data compled through the ILO Social Security Inquiry (SSI)","","","E","A","G","BOTHSEX","PERCENT"
"1","1.3","1.3.1","SI_COV_POOR","[ILO] Proportion of poor population receiving social assistance cash benefit, by sex (%)","670","Saint Vincent and the Grenadines","2019","13.6","2019","","","","","ILO estimates based on country data compled through the ILO Social Security Inquiry (SSI)","","","E","A","G","BOTHSEX","PERCENT"
"1","1.3","1.3.1","SI_COV_POOR","[ILO] Proportion of poor population receiving social assistance cash benefit, by sex (%)","678","Sao Tome and Principe","2019","0.9","2019","","","","","ILO estimates based on country data compled through the ILO Social Security Inquiry (SSI)","","","E","A","G","BOTHSEX","PERCENT"
"1","1.3","1.3.1","SI_COV_POOR","[ILO] Proportion of poor population receiving social assistance cash benefit, by sex (%)","686","Senegal","2019","32","2019","","","","","ILO estimates based on country data compled through the ILO Social Security Inquiry (SSI)","","","E","A","G","BOTHSEX","PERCENT"
"1","1.3","1.3.1","SI_COV_POOR","[ILO] Proportion of poor population receiving social assistance cash benefit, by sex (%)","703","Slovakia","2016","100","2016","","","","","ILO estimates based on country data compled through the ILO Social Security Inquiry (SSI)","","","E","A","G","BOTHSEX","PERCENT"
"1","1.3","1.3.1","SI_COV_POOR","[ILO] Proportion of poor population receiving social assistance cash benefit, by sex (%)","704","Viet Nam","2018","100","2018","","","","","ILO estimates based on country data compled through the ILO Social Security Inquiry (SSI)","","","E","A","G","BOTHSEX","PERCENT"
"1","1.3","1.3.1","SI_COV_POOR","[ILO] Proportion of poor population receiving social assistance cash benefit, by sex (%)","704","Viet Nam","2020","76","2020","","","","","ILO estimates based on country data compled through the ILO Social Security Inquiry (SSI)","","","E","A","G","BOTHSEX","PERCENT"
"1","1.3","1.3.1","SI_COV_POOR","[ILO] Proportion of poor population receiving social assistance cash benefit, by sex (%)","705","Slovenia","2016","100","2016","","","","","ILO estimates based on country data compled through the ILO Social Security Inquiry (SSI)","","","E","A","G","BOTHSEX","PERCENT"
"1","1.3","1.3.1","SI_COV_POOR","[ILO] Proportion of poor population receiving social assistance cash benefit, by sex (%)","716","Zimbabwe","2019","4.4","2019","","","","","ILO estimates based on country data compled through the ILO Social Security Inquiry (SSI)","","","E","A","G","BOTHSEX","PERCENT"
"1","1.3","1.3.1","SI_COV_POOR","[ILO] Proportion of poor population receiving social assistance cash benefit, by sex (%)","724","Spain","2016","100","2016","","","","","ILO estimates based on country data compled through the ILO Social Security Inquiry (SSI)","","","E","A","G","BOTHSEX","PERCENT"
"1","1.3","1.3.1","SI_COV_POOR","[ILO] Proportion of poor population receiving social assistance cash benefit, by sex (%)","728","South Sudan","2019","10.9","2019","","","","","ILO estimates based on country data compled through the ILO Social Security Inquiry (SSI)","","","E","A","G","BOTHSEX","PERCENT"
"1","1.3","1.3.1","SI_COV_POOR","[ILO] Proportion of poor population receiving social assistance cash benefit, by sex (%)","740","Suriname","2019","18.6","2019","","","","","ILO estimates based on country data compled through the ILO Social Security Inquiry (SSI)","","","E","A","G","BOTHSEX","PERCENT"
"1","1.3","1.3.1","SI_COV_POOR","[ILO] Proportion of poor population receiving social assistance cash benefit, by sex (%)","740","Suriname","2020","18.6","2020","","","","","ILO estimates based on country data compled through the ILO Social Security Inquiry (SSI)","","","E","A","G","BOTHSEX","PERCENT"
"1","1.3","1.3.1","SI_COV_POOR","[ILO] Proportion of poor population receiving social assistance cash benefit, by sex (%)","748","Eswatini","2020","12.5","2020","","","","","ILO estimates based on country data compled through the ILO Social Security Inquiry (SSI)","","","E","A","G","BOTHSEX","PERCENT"
"1","1.3","1.3.1","SI_COV_POOR","[ILO] Proportion of poor population receiving social assistance cash benefit, by sex (%)","752","Sweden","2016","100","2016","","","","","ILO estimates based on country data compled through the ILO Social Security Inquiry (SSI)","","","E","A","G","BOTHSEX","PERCENT"
"1","1.3","1.3.1","SI_COV_POOR","[ILO] Proportion of poor population receiving social assistance cash benefit, by sex (%)","756","Switzerland","2016","100","2016","","","","","ILO estimates based on country data compled through the ILO Social Security Inquiry (SSI)","","","E","A","G","BOTHSEX","PERCENT"
"1","1.3","1.3.1","SI_COV_POOR","[ILO] Proportion of poor population receiving social assistance cash benefit, by sex (%)","762","Tajikistan","2018","28.1","2018","","","","","ILO estimates based on country data compled through the ILO Social Security Inquiry (SSI)","","","E","A","G","BOTHSEX","PERCENT"
"1","1.3","1.3.1","SI_COV_POOR","[ILO] Proportion of poor population receiving social assistance cash benefit, by sex (%)","764","Thailand","2019","100","2019","","","","","ILO estimates based on country data compled through the ILO Social Security Inquiry (SSI)","","","E","A","G","BOTHSEX","PERCENT"
"1","1.3","1.3.1","SI_COV_POOR","[ILO] Proportion of poor population receiving social assistance cash benefit, by sex (%)","764","Thailand","2020","0","2020","","","","","ILO estimates based on country data compled through the ILO Social Security Inquiry (SSI)","","","E","A","G","BOTHSEX","PERCENT"
"1","1.3","1.3.1","SI_COV_POOR","[ILO] Proportion of poor population receiving social assistance cash benefit, by sex (%)","776","Tonga","2018","16.7","2018","","","","","ILO estimates based on country data compled through the ILO Social Security Inquiry (SSI)","","","E","A","G","BOTHSEX","PERCENT"
"1","1.3","1.3.1","SI_COV_POOR","[ILO] Proportion of poor population receiving social assistance cash benefit, by sex (%)","788","Tunisia","2019","66.1","2019","","","","","ILO estimates based on country data compled through the ILO Social Security Inquiry (SSI)","","","E","A","G","BOTHSEX","PERCENT"
"1","1.3","1.3.1","SI_COV_POOR","[ILO] Proportion of poor population receiving social assistance cash benefit, by sex (%)","788","Tunisia","2020","66.1","2020","","","","","ILO estimates based on country data compled through the ILO Social Security Inquiry (SSI)","","","E","A","G","BOTHSEX","PERCENT"
"1","1.3","1.3.1","SI_COV_POOR","[ILO] Proportion of poor population receiving social assistance cash benefit, by sex (%)","796","Turks and Caicos Islands","2019","1.5","2019","","","","","ILO estimates based on country data compled through the ILO Social Security Inquiry (SSI)","","","E","A","G","BOTHSEX","PERCENT"
"1","1.3","1.3.1","SI_COV_POOR","[ILO] Proportion of poor population receiving social assistance cash benefit, by sex (%)","796","Turks and Caicos Islands","2020","1.5","2020","","","","","ILO estimates based on country data compled through the ILO Social Security Inquiry (SSI)","","","E","A","G","BOTHSEX","PERCENT"
"1","1.3","1.3.1","SI_COV_POOR","[ILO] Proportion of poor population receiving social assistance cash benefit, by sex (%)","804","Ukraine","2018","43","2018","","","","","ILO estimates based on country data compled through the ILO Social Security Inquiry (SSI)","","","E","A","G","BOTHSEX","PERCENT"
"1","1.3","1.3.1","SI_COV_POOR","[ILO] Proportion of poor population receiving social assistance cash benefit, by sex (%)","807","North Macedonia","2020","15.7","2020","","","","","ILO estimates based on country data compled through the ILO Social Security Inquiry (SSI)","","","E","A","G","BOTHSEX","PERCENT"
"1","1.3","1.3.1","SI_COV_POOR","[ILO] Proportion of poor population receiving social assistance cash benefit, by sex (%)","818","Egypt","2019","31.6","2019","","","","","ILO estimates based on country data compled through the ILO Social Security Inquiry (SSI)","","","E","A","G","BOTHSEX","PERCENT"
"1","1.3","1.3.1","SI_COV_POOR","[ILO] Proportion of poor population receiving social assistance cash benefit, by sex (%)","826","United Kingdom of Great Britain and Northern Ireland","2016","100","2016","","","","","ILO estimates based on country data compled through the ILO Social Security Inquiry (SSI)","","","E","A","G","BOTHSEX","PERCENT"
"1","1.3","1.3.1","SI_COV_POOR","[ILO] Proportion of poor population receiving social assistance cash benefit, by sex (%)","840","United States of America","2016","64.5","2016","","","","","ILO estimates based on country data compled through the ILO Social Security Inquiry (SSI)","","","E","A","G","BOTHSEX","PERCENT"
"1","1.3","1.3.1","SI_COV_POOR","[ILO] Proportion of poor population receiving social assistance cash benefit, by sex (%)","850","United States Virgin Islands","2019","2.2","2019","","","","","ILO estimates based on country data compled through the ILO Social Security Inquiry (SSI)","","","E","A","G","BOTHSEX","PERCENT"
"1","1.3","1.3.1","SI_COV_POOR","[ILO] Proportion of poor population receiving social assistance cash benefit, by sex (%)","854","Burkina Faso","2016","9","2016","","","","","ILO estimates based on country data compled through the ILO Social Security Inquiry (SSI)","","","E","A","G","BOTHSEX","PERCENT"
"1","1.3","1.3.1","SI_COV_POOR","[ILO] Proportion of poor population receiving social assistance cash benefit, by sex (%)","858","Uruguay","2019","100","2019","","","","","ILO estimates based on country data compled through the ILO Social Security Inquiry (SSI)","","","E","A","G","BOTHSEX","PERCENT"
"1","1.3","1.3.1","SI_COV_POOR","[ILO] Proportion of poor population receiving social assistance cash benefit, by sex (%)","858","Uruguay","2020","100","2020","","","","","ILO estimates based on country data compled through the ILO Social Security Inquiry (SSI)","","","E","A","G","BOTHSEX","PERCENT"
"1","1.3","1.3.1","SI_COV_POOR","[ILO] Proportion of poor population receiving social assistance cash benefit, by sex (%)","860","Uzbekistan","2017","68","2017","","","","","ILO estimates based on country data compled through the ILO Social Security Inquiry (SSI)","","","E","A","G","BOTHSEX","PERCENT"
"1","1.3","1.3.1","SI_COV_POOR","[ILO] Proportion of poor population receiving social assistance cash benefit, by sex (%)","860","Uzbekistan","2018","82.5","2018","","","","","ILO estimates based on country data compled through the ILO Social Security Inquiry (SSI)","","","E","A","G","BOTHSEX","PERCENT"
"1","1.3","1.3.1","SI_COV_POOR","[ILO] Proportion of poor population receiving social assistance cash benefit, by sex (%)","882","Samoa","2018","69.2","2018","","","","","ILO estimates based on country data compled through the ILO Social Security Inquiry (SSI)","","","E","A","G","BOTHSEX","PERCENT"
"1","1.3","1.3.1","SI_COV_POOR","[ILO] Proportion of poor population receiving social assistance cash benefit, by sex (%)","894","Zambia","2016","18.7","2016","","","","","ILO estimates based on country data compled through the ILO Social Security Inquiry (SSI)","","","E","A","G","BOTHSEX","PERCENT"
                                                                                                                                                                                                                                                                                                                                                                                                                                                                                                                                                                                                                                                                                                                                                                                                                                                                                                                                                                                                                                                                                                                                                                                                                                                                                                                                                                                                                                                                                                                                                                                                                                                                                                                                                                                                                                                                                                                                                                                                                                                                                                                                                                                                                                                                                                                                                                                                                                                                                                                                                                                                                                                                                                                                                                                                                                                                                                                                                                                                                                                                                                                                                                                                                                                                                                                                                                                                                                                                                                                                                                                                                                                                                                                                                                                                                                                                                                                                                                                                                                                                                                                                                                                                                                                                                                                                                                                                                                                                                                                                                                                                                                                                                                                                                                                                                                                                                                                                                                                                                                                                                                                                                                                                                                                                                                                                                                                                                                                                                                                                                                                                                                                                                                                                                                                                                                                                                                                                                                                                                                                                                                                                                                                                                                                                                                                                                                                                                                                                                                                                                                                                                                                                                                                                                                                                                                                                                                                                                                                                                                                                                                                                                                                                                                                                                                                                                                                                                                                                                                                                                                                                                                                                                                                                                                                                                                                                                                                                                                                                                                                                                                                                                                                                                                                                                                                                                                                                                                                                                                                                                                                                                                                                                                                                                                                                                                                                                                                                                                                                                                                                                                                                                                                                                                                                                                                                                                                                                                                                                                                                                                                                                                                                                                                                                                                                                                                                                                                                                                                                                                                                                                                                                                                                                                                                                                                                                                                                                                                                                                                                                                                                                                                                                                                                                                                                                                                                                                                                                                                                                                                                                                                                                                                                                                                                                                                                                                                                                                                                                                                                                                                                                                                                                                                                                                                                                                                                                                                                                                                                                                                                                                                                                                                                                                                                                                                                                                                                                                                                                                                                                                                                                                                                                                                                                                                                                                                                                                                                                                                                                                                                                                                                                                                                                                                                                                                                                                 